{"QQQ": [18.21075, 18.0472, 18.509149999999998, 18.81235, 19.05905, 19.37175, 19.83, 19.660700000000002, 19.957649999999997, 19.6411, 19.957649999999997, 20.10075, 19.8406, 19.65765, 19.8406, 19.65765, 19.4357, 19.60155, 19.4357, 19.4357, 19.03415, 19.03415, 19.03415, 19.03415, 19.03415, 19.03415, 19.03405, 18.8732, 18.7226, 18.8732, 17.370449999999998, 17.728749999999998, 17.57725, 17.57725, 17.728749999999998, 17.4279, 17.4279, 17.7092, 17.4279, 17.23345, 17.23345, 17.23345, 17.23345, 17.23345, 17.1004, 17.23345, 17.219099999999997, 17.219099999999997, 17.219099999999997, 17.35325, 17.219099999999997, 17.35325, 17.35325, 17.219099999999997, 17.110750000000003, 17.110750000000003, 17.110750000000003, 17.110750000000003, 17.110750000000003, 17.110750000000003, 17.110750000000003, 17.2675, 17.325599999999998, 17.4875, 17.4875, 17.325599999999998, 17.4875, 17.4875, 17.4875, 17.4875, 17.56675, 17.56675, 17.73485, 17.73485, 17.56675, 17.56675], "IWM": [18.8958, 18.8958, 18.8958, 18.8958, 19.6412, 19.826100000000004, 19.826100000000004, 19.826100000000004, 19.8238, 19.6341, 19.8238, 19.8238, 19.6842, 19.86495, 19.86495, 19.86495, 19.664700000000003, 19.8641, 19.8641, 19.664700000000003, 19.768449999999998, 19.768449999999998, 19.768449999999998, 19.768449999999998, 19.768449999999998, 19.768449999999998, 19.642799999999998, 19.4381, 19.4381, 19.4381, 19.0851, 18.8974, 19.0851, 19.0851, 18.8974, 18.3396, 18.1666, 18.3396, 18.01045, 18.2185, 18.2185, 18.2185, 18.2185, 18.4124, 18.2185, 18.4841, 18.4841, 18.4841, 18.4841, 18.4841, 18.30325, 18.4841, 18.4841, 18.4841, 18.27965, 18.0944, 18.0944, 18.0944, 18.0944, 18.0944, 18.0944, 18.0944, 18.0228, 18.19585, 18.19585, 18.19585, 18.0228, 18.19585, 18.19585, 18.266750000000002, 18.266750000000002, 18.266750000000002, 18.266750000000002, 18.266750000000002, 18.4954, 18.4954], "DIA": [12.9743, 13.13, 13.13, 13.316250000000002, 14.27505, 14.591549999999998, 14.591549999999998, 14.591549999999998, 14.148850000000001, 13.983899999999998, 14.317849999999998, 14.317849999999998, 14.316299999999998, 14.316299999999998, 14.316299999999998, 14.120199999999999, 14.14195, 14.14195, 13.953399999999998, 13.953399999999998, 13.822600000000001, 13.822600000000001, 13.822600000000001, 13.822600000000001, 13.822600000000001, 13.822600000000001, 13.57545, 13.57545, 13.57545, 13.57545, 13.225700000000002, 12.89835, 13.021650000000001, 13.021650000000001, 12.89835, 12.30005, 12.16535, 12.30005, 12.16535, 12.263499999999999, 12.263499999999999, 12.263499999999999, 12.263499999999999, 12.263499999999999, 12.1399, 12.339500000000001, 12.339500000000001, 12.339500000000001, 12.339500000000001, 12.339500000000001, 12.168750000000001, 12.339500000000001, 12.339500000000001, 12.339500000000001, 12.351899999999999, 12.221599999999999, 12.221599999999999, 12.221599999999999, 12.221599999999999, 12.351899999999999, 12.221599999999999, 12.221599999999999, 12.181349999999998, 12.3449, 12.3449, 12.3449, 12.3449, 12.3449, 12.3449, 12.4639, 12.6723, 12.6723, 12.6723, 12.6723, 12.6723, 12.6723], "SPY": [13.53975, 13.720500000000001, 14.650849999999998, 14.76965, 14.76965, 14.570749999999999, 14.2714, 14.570749999999999, 14.570749999999999, 14.550099999999999, 14.6838, 14.6838, 14.407449999999999, 14.247700000000002, 14.139750000000001, 14.139750000000001, 14.07065, 13.916, 12.9777, 12.732899999999999, 12.732899999999999, 12.732899999999999, 12.519550000000002, 12.519550000000002, 12.519550000000002, 12.552050000000001, 12.684149999999999, 12.552050000000001, 12.684149999999999, 12.552050000000001, 12.476750000000001, 12.476750000000001, 12.476750000000001, 12.476750000000001, 12.476750000000001, 12.476750000000001, 12.476750000000001, 12.624849999999999, 12.57645, 12.725249999999999, 12.725249999999999, 12.57645, 12.725249999999999, 12.725249999999999, 12.725249999999999, 12.725249999999999, 12.84235, 12.84235, 12.84235, 12.84235, 12.84235, 12.84235]}