{"QQQ": [18.21075, 18.0472, 18.509149999999998, 18.81235, 19.05905, 19.37175, 19.83, 19.660700000000002, 19.957649999999997, 19.6411, 19.957649999999997, 20.10075, 19.8406, 19.65765, 19.8406, 19.65765, 19.4357, 19.60155, 19.4357, 19.4357, 19.03415, 19.03415, 19.03415, 19.03415, 19.03415, 19.03415, 19.03405, 18.8732, 18.7226, 18.8732, 17.370449999999998, 17.728749999999998, 17.57725, 17.57725], "IWM": [18.8958, 18.8958, 18.8958, 18.8958, 19.6412, 19.826100000000004, 19.826100000000004, 19.826100000000004, 19.8238, 19.6341, 19.8238, 19.8238, 19.6842, 19.86495, 19.86495, 19.86495, 19.664700000000003, 19.8641, 19.8641, 19.664700000000003, 19.768449999999998, 19.768449999999998, 19.768449999999998, 19.768449999999998, 19.768449999999998, 19.768449999999998, 19.642799999999998, 19.4381, 19.4381, 19.4381, 19.0851, 18.8974, 19.0851, 19.0851], "DIA": [12.9743, 13.13, 13.13, 13.316250000000002, 14.27505, 14.591549999999998, 14.591549999999998, 14.591549999999998, 14.148850000000001, 13.983899999999998, 14.317849999999998, 14.317849999999998, 14.316299999999998, 14.316299999999998, 14.316299999999998, 14.120199999999999, 14.14195, 14.14195, 13.953399999999998, 13.953399999999998, 13.822600000000001, 13.822600000000001, 13.822600000000001, 13.822600000000001, 13.822600000000001, 13.822600000000001, 13.57545, 13.57545, 13.57545, 13.57545, 13.225700000000002, 12.89835, 13.021650000000001, 13.021650000000001], "SPY": [13.53975, 13.720500000000001, 14.650849999999998, 14.76965, 14.76965, 14.570749999999999, 14.2714, 14.570749999999999, 14.570749999999999, 14.550099999999999, 14.6838, 14.6838, 14.407449999999999, 14.247700000000002, 14.139750000000001, 14.139750000000001, 14.07065, 13.916, 12.9777]}